Workbook

Sheet N
B4: Q' | C4: A | D4: B | E4: C | F4: N
A5: Crown | B5: 60.5 | C5: =A!L4 -> 0.1 | D5: =B!C2 -> 0.3 | E5: ='C'!C2 -> 1 | F5: =B5*C5*D5*E5 -> 1.815
A6: Foot Wall | B6: 60.5 | C6: =A!L6 -> 0.15 | D6: =B!C3 -> 0.4 | E6: ='C'!C3 -> 8 | F6: =B6*C6*D6*E6 -> 29.04
A7: Hanging Wall | B7: 60.5 | C7: =A!L6 -> 0.15 | D7: =B!C4 -> 0.4 | E7: ='C'!C4 -> 5.0416722 | F7: =B7*C7*D7*E7 -> 18.30127
A8: End Wall | B8: 60.5 | C8: =A!L7 -> 0.1 | D8: =B!C5 -> 1 | E8: ='C'!C5 -> 8 | F8: =B8*C8*D8*E8 -> 48.4
B12: Length | C12: Width | D12: HR
A13: Crown | B13: 45 | C13: 30 | D13: =(B13*C13)/(2*(B13+C13)) -> 9
A14: Foot Wall | B14: 80 | C14: 45 | D14: =(B14*C14)/(2*(B14+C14)) -> 14.4
A15: Hanging Wall | B15: 80 | C15: 45 | D15: =(B15*C15)/(2*(B15+C15)) -> 14.4
A16: End Wall | B16: 80 | C16: 30 | D16: =(B16*C16)/(2*(B16+C16)) -> 10.909091

Sheet A
B3: \sigma_v | C3: \sigma_h1 | D3: \sigma_h2 | E3: K | F3: Height | G3: Span | H3: Height/Span | I3: \sigma_1/\sigma_v or \sigma_1/\sigma_h1 | J3: \sigma_1 | K3: \sigma_c/\sigma_1 | L3: A
A4: Crown (vertical plane) | B4: 33.84 | C4: 54.15 | D4: 49.23 | E4: =D4/B4 -> 1.4547872 | F4: 80 | G4: 30 | H4: =F4/G4 -> 2.6666667 | I4: 2.7 | J4: =I4*B4 -> 91.368 | K4: =100/J4 -> 1.0944751 | L4: 0.1
A5: Hanging Wall Foot Wall (Vertical plane) | B5: 33.84 | C5: 54.15 | D5: 49.23 | E5: =D5/B5 -> 1.4547872 | F5: 80 | G5: 30 | H5: =F5/G5 -> 2.6666667 | I5: -0.05 | J5: 0 | K5: >10 | L5: 1
A6: Hanging Wall Foot Wall (horizontal plane) | B6: 33.84 | C6: 54.15 | D6: 49.23 | E6: =D6/C6 -> 0.90914127 | F6: 45 | G6: 30 | H6: =F6/G6 -> 1.5 | I6: 0.8 | J6: =C6*I6 -> 43.32 | K6: =100/J6 -> 2.3084026 | L6: 0.15
A7: End Wall (horizontal plane) | B7: 33.84 | C7: 54.15 | D7: 49.23 | E7: =D7/C7 -> 0.90914127 | F7: 45 | G7: 30 | H7: =F7/G7 -> 1.5 | I7: 2 | J7: =I7*C7 -> 108.3 | K7: =100/J7 -> 0.92336103 | L7: 0.1

Sheet B
B1: Orientation | C1: Value of B
A2: Crown | B2: 20 | C2: 0.3
A3: Foot Wall | B3: 45 | C3: 0.4
A4: Hanging Wall | B4: 45 | C4: 0.4
A5: End Wall | B5: 90 | C5: 1
B8: Orientation | C8: Value of C
A9: Crown | B9: 0 | C9: 1
A10: Foot Wall | B10: 65 | C10: 8
A11: Hanging Wall | B11: 65 | C11: =8-7*COS(B11*PI()/180) -> 5.0416722
A12: End Wall | B12: 90 | C12: 8

Sheet C
B1: Orientation | C1: Value of C
A2: Crown | B2: 0 | C2: 1
A3: Foot Wall | B3: 65 | C3: 8
A4: Hanging Wall | B4: 65 | C4: =8-7*COS(B4*PI()/180) -> 5.0416722
A5: End Wall | B5: 90 | C5: 8
